ts,excess
2020-01,0.009149377982704926
2020-02,0.028953504756911344
2020-03,-0.006810324115552188
2020-04,-0.00038644498147658295
2020-05,0.006645532672322947
2020-06,0.004347243142521203
2020-07,0.0125379961890736
2020-08,0.01598234724901253
2020-09,0.005047690226967441
2020-10,0.0034091245354809577
2020-11,0.011781586195371764
2020-12,0.013950446824389376
2021-01,0.03901985441511413
2021-02,0.04835925924297058
2021-03,0.021471881732772508
2021-04,0.030214451889782157
2021-05,0.01532995938165984
2021-06,0.0017628503878113649
2021-07,-0.0012827266604030724
2021-08,0.007050046311095186
2021-09,0.00844535672928704
2021-10,0.012688035616212382
2021-11,0.014302420841083841
2021-12,0.0063246279169065145
2022-01,0.00353624553475295
2022-02,0.0010194762058833356
2022-03,0.003041097015348808
2022-04,0.0013884785058002206
2022-05,0.0021152563793127724
2022-06,0.0012217853522299687
2022-07,0.002367096900636476
2022-08,-0.0006953503009345227
2022-09,2.8176196430845096e-05
2022-10,0.0007503970677036052
2022-11,-0.004491998386595678
2022-12,-0.00090787643353351
2023-01,0.0016925436680832063
2023-02,0.0008860018932738667
2023-03,-0.0005203423988428602
2023-04,-0.0009448846776599234
2023-05,-0.0007267580463427657
2023-06,-0.00031076114624819986
2023-07,-0.0005850234998498092
2023-08,-0.0007683199657511474
2023-09,-0.003840955623862738
2023-10,-0.002438142377191883
2023-11,0.002614078812259551
2023-12,0.006456552245603922
2024-01,0.0036821247342210053
2024-02,0.003519911646466971
2024-03,0.016647609350522386
2024-04,0.0018374964752243044
2024-05,-0.000786966953349723
2024-06,0.0017447712175763883
2024-07,-0.0002210386061344367
2024-08,-0.003407122870103003
2024-09,-0.0032340602857797505
2024-10,0.00027258480097047677
2024-11,0.004776537530849638
2024-12,0.00499743890198027
2025-01,0.0014257689572862173
2025-02,-0.0009013532413472583
2025-03,-0.0023961712697166803
2025-04,-0.002021034595247264
2025-05,-0.0006969325921568291
2025-06,-0.0019108994884009117
2025-07,0.0012982339608412783
2025-08,0.0003652569804545509
2025-09,-0.0003523304674173267
2025-10,-0.00116269103100436
2025-11,-0.00019913089690572466
2025-12,-0.0002287714826935106
2026-01,-2.1984382769537486e-05
2026-02,-0.003348242217932216
2026-03,-0.0035756642595352124
2026-04,-0.00425111359446792
2026-05,-0.0015443817798303711
2026-06,-0.0016205994000815513
2026-07,0.0007181624495067309
2026-08,-2.6463981453858296e-06
